ProductID,ProductName,Category,Subcategory,Brand,CostPrice,UnitPrice
1,Michelin Торопливый 2386,Автотовары,Шины,Michelin,22504.96,30312.72
2,Shell Освободить 588,Автотовары,Шины,Shell,3521.23,5116.89
3,Sony Заплакать 3357,Электроника,Наушники,Sony,78276.52,86727.32
4,Shell Избегать 4657,Автотовары,Уход,Shell,13166.07,19347.87
5,Nike Ягода 2647,Спорт и отдых,Велосипеды,Nike,10532.46,16200.77
6,Zara Сверкать 5981,Одежда,Нижнее белье,Zara,1087.02,2043.52
7,The North Face Ночь 7627,Спорт и отдых,Туризм,The North Face,4114.91,5474.54
8,Maybelline Мгновение 6025,Красота и здоровье,Косметика,Maybelline,1366.24,2056.5
9,L'Oreal Июнь 4841,Красота и здоровье,Парфюмерия,L'Oreal,878.2,1281.76
10,Apple Близко 6077,Электроника,Наушники,Apple,60118.3,74307.61
11,Zara Протягивать 1269,Одежда,Детская одежда,Zara,1913.2,3380.58
12,Nivea Избегать 7673,Красота и здоровье,Волосы,Nivea,8105.27,11925.83
13,Метрика Нажать 5413,Дом и сад,Освещение,Метрика,10384.8,15096.7
14,Nike Научить 6672,Спорт и отдых,Велосипеды,Nike,12362.68,23038.25
15,Домик в деревне Сынок 5255,Продукты,Мясо и птица,Домик в деревне,915.74,1554.03
16,H&M Пасть 7617,Одежда,Спортивная одежда,H&M,3346.37,8079.97
17,Adidas Господь 4404,Одежда,Детская одежда,Adidas,2199.03,4533.01
18,Mobil Мучительно 3693,Автотовары,Электроника,Mobil,27036.86,38923.35
19,H&M Художественный 1896,Одежда,Аксессуары,H&M,1000.0,1547.12
20,Adidas Прежде 1140,Одежда,Спортивная одежда,Adidas,6399.01,12299.92
21,Ашан Гулять 9164,Дом и сад,Садовый инвентарь,Ашан,14942.6,24959.82
22,Adidas Спасть 4471,Спорт и отдых,Велосипеды,Adidas,10289.31,17243.64
23,Salomon Появление 7533,Спорт и отдых,Игры,Salomon,1850.97,2969.58
24,Xiaomi Дремать 4989,Электроника,Планшеты,Xiaomi,78613.84,88984.83
25,The North Face Изба 2746,Спорт и отдых,Игры,The North Face,9212.76,12962.24
26,Black Pearl Невозможно 8105,Красота и здоровье,Макияж,Black Pearl,13793.7,23714.97
27,Philips Намерение 5138,Электроника,Ноутбуки,Philips,132414.67,178693.55
28,Adidas Важный 1503,Одежда,Мужская одежда,Adidas,7060.67,17277.1
29,Michelin Редактор 2160,Автотовары,Запчасти,Michelin,29361.55,44618.51
30,H&M Сходить 8745,Одежда,Спортивная одежда,H&M,7590.73,12639.53
31,Columbia Научить 3395,Спорт и отдых,Зимний спорт,Columbia,14472.57,28224.98
32,Mobil Привлекать 7277,Автотовары,Аксессуары,Mobil,29859.33,47474.15
33,L'Oreal Горький 444,Красота и здоровье,Витамины,L'Oreal,3869.0,5203.1
34,Nivea Серьезный 1064,Красота и здоровье,Гигиена,Nivea,8908.91,11626.43
35,Nike Подробность 3999,Одежда,Мужская одежда,Nike,6919.19,10869.06
36,Домик в деревне Монета 9455,Продукты,Замороженные продукты,Домик в деревне,553.06,999.02
37,Nivea Командующий 3219,Красота и здоровье,Витамины,Nivea,11812.37,22033.0
38,Lenovo Плясать 987,Электроника,Ноутбуки,Lenovo,56373.15,68963.0
39,Michelin Желание 1890,Автотовары,Уход,Michelin,2757.77,4514.27
40,Adidas Выражение 3106,Одежда,Женская одежда,Adidas,4429.4,7265.02
41,Домик в деревне Неправда 9116,Продукты,Замороженные продукты,Домик в деревне,878.25,1188.07
42,Samsung Светило 3972,Электроника,Смартфоны,Samsung,145504.46,200492.06
43,H&M Выраженный 1060,Одежда,Обувь,H&M,4006.46,9473.88
44,Nike Господь 7554,Одежда,Обувь,Nike,7886.88,13921.94
45,Слобода Поколение 9205,Продукты,Консервы,Слобода,958.6,1914.13
46,Mobil Монета 1058,Автотовары,Уход,Mobil,5489.11,7564.13
47,Black Pearl Идея 921,Красота и здоровье,Волосы,Black Pearl,1102.17,1674.77
48,Black Pearl Находить 1031,Красота и здоровье,Витамины,Black Pearl,13806.93,23082.26
49,Nivea Один 3953,Красота и здоровье,Косметика,Nivea,1214.12,1636.11
50,Ашан Ботинок 1443,Дом и сад,Текстиль,Ашан,3843.99,6596.91
51,Hoff Сынок 4010,Дом и сад,Декор,Hoff,3223.04,5805.77
52,Домик в деревне Близко 5280,Продукты,Консервы,Домик в деревне,681.54,1029.12
53,Adidas Прежде 1738,Спорт и отдых,Велосипеды,Adidas,6982.63,13957.71
54,LG Реклама 1227,Электроника,Наушники,LG,24206.2,29161.27
55,Zara Ленинград 5056,Одежда,Детская одежда,Zara,1514.65,3534.81
56,Black Pearl Мимо 5005,Красота и здоровье,Макияж,Black Pearl,315.78,591.13
57,Castrol Страсть 9164,Автотовары,Шины,Castrol,8669.51,15031.44
58,Zara Пища 3435,Одежда,Детская одежда,Zara,4957.19,10993.12
59,Bosch Разуметься 932,Автотовары,Уход,Bosch,15656.86,21147.29
60,LG Зачем 2243,Электроника,Игровые консоли,LG,11392.58,13671.86
61,Castrol Материя 7107,Автотовары,Аксессуары,Castrol,22495.7,34441.1
62,L'Oreal Мера 2542,Красота и здоровье,Косметика,L'Oreal,1313.61,2519.73
63,Garnier Да 2188,Красота и здоровье,Косметика,Garnier,8821.14,12381.93
64,Philips Что 753,Электроника,Планшеты,Philips,135352.32,181214.65
65,Слобода Построить 9273,Продукты,Бакалея,Слобода,272.04,373.23
66,The North Face Ярко 3978,Спорт и отдых,Рыбалка,The North Face,11292.27,21997.73
67,Nike Увеличиваться 5542,Спорт и отдых,Тренажеры,Nike,13244.96,17448.25
68,Nike Госпожа 1871,Спорт и отдых,Рыбалка,Nike,4148.72,7679.95
69,OBI Пол 7641,Дом и сад,Мебель,OBI,3492.02,6535.7
70,Домик в деревне Господь 6628,Продукты,Напитки,Домик в деревне,246.24,433.88
71,Простоквашино Прежний 8446,Продукты,Напитки,Простоквашино,967.88,1447.36
72,IKEA Миг 3025,Дом и сад,Декор,IKEA,1907.06,3774.61
73,L'Oreal Торговля 5239,Красота и здоровье,Уход за кожей,L'Oreal,1804.36,2894.54
74,OBI Интернет 827,Дом и сад,Текстиль,OBI,13512.67,19364.4
75,Michelin Процесс 3328,Автотовары,Запчасти,Michelin,16077.69,27073.33
76,Простоквашино Тревога 5243,Продукты,Консервы,Простоквашино,950.41,1848.11
77,Bosch Пятеро 5444,Автотовары,Шины,Bosch,15706.55,25132.61
78,Ашан Потянуться 6311,Дом и сад,Освещение,Ашан,2083.86,3322.32
79,Castrol Цвет 9077,Автотовары,Уход,Castrol,18849.93,26023.65
80,Salomon Песенка 9602,Спорт и отдых,Велосипеды,Salomon,4446.32,7118.21
81,Garnier Вообще 3601,Красота и здоровье,Волосы,Garnier,7081.83,11398.29
82,Nivea Решение 5591,Красота и здоровье,Витамины,Nivea,9950.99,14913.06
83,LG Пастух 500,Электроника,Наушники,LG,37572.9,43574.76
84,Asus Четыре 7561,Электроника,Наушники,Asus,93634.73,124585.39
85,Метрика Уничтожение 4097,Дом и сад,Инструменты,Метрика,10506.04,17293.61
86,Reserved Еврейский 1846,Одежда,Спортивная одежда,Reserved,342.7,771.41
87,Nike Строительство 8586,Спорт и отдых,Рыбалка,Nike,2803.12,5523.76
88,Ашан Господь 7578,Дом и сад,Мебель,Ашан,3888.13,7363.48
89,H&M Костер 9855,Одежда,Нижнее белье,H&M,5440.35,13535.01
90,Фермерский Спасть 7091,Продукты,Замороженные продукты,Фермерский,820.56,1579.1
91,Columbia Тусклый 7877,Спорт и отдых,Зимний спорт,Columbia,13478.68,24538.73
92,Leroy Merlin Развитый 8640,Дом и сад,Освещение,Leroy Merlin,12629.97,18870.66
93,Hoff Реклама 3941,Дом и сад,Инструменты,Hoff,6710.11,12074.72
94,Белый медведь Монета 2571,Продукты,Хлеб и выпечка,Белый медведь,896.24,1215.66
95,Reserved Эффект 6897,Одежда,Обувь,Reserved,1476.6,2530.82
96,Ашан Похороны 6983,Дом и сад,Декор,Ашан,7095.68,9533.66
97,Ашан Спалить 5863,Дом и сад,Мебель,Ашан,5829.64,7602.59
98,Моя цена Угроза 9983,Продукты,Консервы,Моя цена,552.07,1001.59
99,Adidas Сомнительный 6471,Одежда,Обувь,Adidas,2401.6,4768.72
100,Слобода Стакан 2191,Продукты,Консервы,Слобода,190.09,309.31
101,L'Oreal Аж 544,Красота и здоровье,Гигиена,L'Oreal,13622.55,23353.48
102,Xiaomi Космос 4362,Электроника,Игровые консоли,Xiaomi,130693.45,150888.03
103,Leroy Merlin Команда 6311,Дом и сад,Декор,Leroy Merlin,6929.55,10645.52
104,Белый медведь Рабочий 8937,Продукты,Консервы,Белый медведь,839.86,1368.31
105,Sony Сходить 759,Электроника,Фотоаппараты,Sony,99270.89,132464.09
106,Nike Тревога 2596,Спорт и отдых,Велосипеды,Nike,3150.54,4140.65
107,H&M Добиться 3671,Одежда,Женская одежда,H&M,5454.83,11258.6
108,Hoff Пламя 1976,Дом и сад,Освещение,Hoff,2683.28,4628.85
109,Salomon Плод 5211,Спорт и отдых,Тренажеры,Salomon,1799.86,2372.17
110,Maybelline Совещание 1345,Красота и здоровье,Волосы,Maybelline,6070.49,10929.98
111,Nivea Похороны 9937,Красота и здоровье,Волосы,Nivea,1708.14,3144.24
112,The North Face Советовать 7118,Спорт и отдых,Велосипеды,The North Face,11783.0,18181.67
113,Michelin Помимо 6982,Автотовары,Аксессуары,Michelin,15672.86,22016.27
114,Adidas Да 7632,Спорт и отдых,Рыбалка,Adidas,6616.15,10278.4
115,Mobil Сверкать 4525,Автотовары,Масла,Mobil,6107.97,9241.65
116,Black Pearl Сомнительный 9807,Красота и здоровье,Макияж,Black Pearl,11664.69,18959.92
117,Домик в деревне Висеть 7485,Продукты,Хлеб и выпечка,Домик в деревне,835.81,1137.26
118,H&M Реклама 5611,Одежда,Нижнее белье,H&M,4687.84,10164.12
119,Philips Армейский 4332,Электроника,Умные часы,Philips,31366.78,36499.51
120,Фермерский Печатать 266,Продукты,Напитки,Фермерский,710.15,1060.53
121,L'Oreal Торопливый 9196,Красота и здоровье,Парфюмерия,L'Oreal,3772.07,5976.84
122,Columbia Предоставить 382,Спорт и отдых,Тренажеры,Columbia,9759.36,16040.24
123,Sony Очутиться 9628,Электроника,Планшеты,Sony,63638.16,74647.02
124,Фермерский Горький 9117,Продукты,Замороженные продукты,Фермерский,544.99,870.81
125,Слобода Сутки 3877,Продукты,Хлеб и выпечка,Слобода,470.13,712.08
126,Philips Возникновение 3133,Электроника,Наушники,Philips,22335.44,28159.61
127,Reserved Коричневый 8695,Одежда,Женская одежда,Reserved,4028.33,8961.36
128,L'Oreal Присесть 6012,Красота и здоровье,Уход за кожей,L'Oreal,12522.9,18876.68
129,Nike Зеленый 845,Одежда,Детская одежда,Nike,5751.74,9355.68
130,Xiaomi Выраженный 1780,Электроника,Планшеты,Xiaomi,97491.1,129257.37
131,The North Face Дьявол 5682,Спорт и отдых,Велосипеды,The North Face,4408.22,7207.88
132,Zara Пространство 1170,Одежда,Мужская одежда,Zara,7546.19,14924.32
133,IKEA Мучительно 2585,Дом и сад,Бытовая техника,IKEA,8739.91,15561.55
134,LC Waikiki Неправда 4166,Одежда,Нижнее белье,LC Waikiki,7608.27,12060.48
135,Sony Деньги 7353,Электроника,Игровые консоли,Sony,117475.56,142628.65
136,Белый медведь Обида 1725,Продукты,Консервы,Белый медведь,581.57,780.56
137,Nike Необычный 4029,Спорт и отдых,Тренажеры,Nike,4116.76,5585.75
138,Nike Тута 9829,Одежда,Аксессуары,Nike,1505.3,2872.89
139,IKEA Радость 7538,Дом и сад,Освещение,IKEA,3625.85,6507.93
140,LG Понятный 3341,Электроника,Наушники,LG,119235.06,153517.21
141,Ашан Полностью 4452,Дом и сад,Текстиль,Ашан,3527.18,4953.19
142,Adidas Спешить 9849,Спорт и отдых,Тренажеры,Adidas,1082.64,2008.12
143,Bosch Сбросить 5082,Автотовары,Электроника,Bosch,13735.45,20345.21
144,Bosch Правление 1417,Автотовары,Запчасти,Bosch,15513.69,23212.78
145,Maybelline Деньги 523,Красота и здоровье,Косметика,Maybelline,11071.1,19071.07
146,Samsung Радость 4515,Электроника,Наушники,Samsung,149938.0,195171.97
147,Nivea Упор 4657,Красота и здоровье,Косметика,Nivea,7163.41,12579.35
148,H&M Расстройство 1594,Одежда,Аксессуары,H&M,5187.84,10332.75
149,OBI Наступать 2734,Дом и сад,Декор,OBI,5132.96,9080.69
150,Слобода Песня 6661,Продукты,Консервы,Слобода,510.6,900.6
151,Adidas Пропаганда 5396,Спорт и отдых,Зимний спорт,Adidas,6931.42,10536.88
152,Samsung Промолчать 6870,Электроника,Игровые консоли,Samsung,100360.76,126733.37
153,Philips Плод 7342,Электроника,Наушники,Philips,95281.91,119059.31
154,Nike Табак 4819,Спорт и отдых,Велосипеды,Nike,4152.43,5778.98
155,IKEA Зачем 4020,Дом и сад,Бытовая техника,IKEA,627.27,1092.09
156,Bosch Мгновение 1627,Автотовары,Масла,Bosch,16974.33,25993.65
157,Nike Темнеть 2622,Одежда,Нижнее белье,Nike,3853.15,6232.34
158,Ашан Мягкий 8005,Дом и сад,Освещение,Ашан,10640.09,16926.72
159,OBI Невозможно 9920,Дом и сад,Инструменты,OBI,8358.72,13110.74
160,Nivea Домашний 6898,Красота и здоровье,Волосы,Nivea,12987.6,19395.33
161,Простоквашино Картинка 9716,Продукты,Напитки,Простоквашино,304.35,459.26
162,Maybelline Заявление 8035,Красота и здоровье,Волосы,Maybelline,13005.86,20973.03
163,Фермерский Горький 5372,Продукты,Хлеб и выпечка,Фермерский,769.99,1204.3
164,Nike Ведь 6830,Спорт и отдых,Тренажеры,Nike,8662.61,12677.68
165,Asus Набор 6425,Электроника,Фотоаппараты,Asus,107258.04,144092.88
166,Castrol Миллиард 8329,Автотовары,Уход,Castrol,15364.53,18778.71
167,L'Oreal Какой 8717,Красота и здоровье,Уход за кожей,L'Oreal,13138.02,21128.75
168,Метрика Потянуться 2629,Дом и сад,Мебель,Метрика,2333.5,4456.18
169,LG Горький 1415,Электроника,Умные часы,LG,54091.38,70741.32
170,The North Face Передо 8094,Спорт и отдых,Туризм,The North Face,5824.14,8862.38
171,Adidas Интеллектуальный 4808,Спорт и отдых,Зимний спорт,Adidas,9338.4,13674.58
172,Nike Функция 1746,Одежда,Спортивная одежда,Nike,3641.58,5820.86
173,Метрика Прощение 5414,Дом и сад,Посуда,Метрика,4632.1,6115.59
174,Salomon Сопровождаться 4100,Спорт и отдых,Велосипеды,Salomon,5505.26,8816.57
175,Black Pearl Факультет 2968,Красота и здоровье,Витамины,Black Pearl,10290.65,14674.88
176,Sony Слишком 3904,Электроника,Игровые консоли,Sony,77161.75,98377.15
177,OBI Ответить 7722,Дом и сад,Освещение,OBI,3978.84,5198.67
178,Простоквашино Салон 9726,Продукты,Овощи и фрукты,Простоквашино,458.48,706.93
179,Слобода Интернет 3363,Продукты,Консервы,Слобода,272.6,515.68
180,IKEA Светило 9517,Дом и сад,Бытовая техника,IKEA,3710.64,6309.37
181,Простоквашино Конструкция 4597,Продукты,Напитки,Простоквашино,978.61,1723.1
182,Asus Металл 3870,Электроника,Смартфоны,Asus,125761.64,172404.18
183,Garnier Господь 4206,Красота и здоровье,Макияж,Garnier,3441.27,4931.66
184,Castrol Засунуть 745,Автотовары,Уход,Castrol,19219.2,33480.66
185,Простоквашино Соответствие 1576,Продукты,Замороженные продукты,Простоквашино,592.19,1073.43
186,Слобода Премьера 8937,Продукты,Хлеб и выпечка,Слобода,433.04,623.82
187,Домик в деревне При 7994,Продукты,Напитки,Домик в деревне,279.26,524.25
188,Salomon Засунуть 1333,Спорт и отдых,Туризм,Salomon,12102.64,19701.06
189,Adidas Выкинуть 6611,Одежда,Нижнее белье,Adidas,6923.08,15398.43
190,Salomon Магазин 4432,Спорт и отдых,Зимний спорт,Salomon,1536.48,2421.8
191,Maybelline Дружно 4395,Красота и здоровье,Косметика,Maybelline,5655.07,10316.59
192,Garnier Призыв 510,Красота и здоровье,Витамины,Garnier,1803.52,2639.77
193,Garnier Посидеть 1135,Красота и здоровье,Гигиена,Garnier,13745.79,19999.53
194,Bosch Слишком 842,Автотовары,Запчасти,Bosch,19827.94,25181.59
195,Asus Полностью 8907,Электроника,Планшеты,Asus,21837.47,25559.45
196,H&M Налоговый 8950,Одежда,Обувь,H&M,3156.79,7732.18
197,OBI Металл 6786,Дом и сад,Посуда,OBI,9892.84,18634.01
198,Слобода Трясти 3968,Продукты,Молочные продукты,Слобода,389.41,627.09
199,Adidas Совет 5976,Спорт и отдых,Туризм,Adidas,14717.73,22917.48
200,LG Добиться 7550,Электроника,Игровые консоли,LG,32522.24,36966.34
201,Samsung Тревога 2163,Электроника,Наушники,Samsung,12333.88,14801.31
202,Nike Построить 3494,Спорт и отдых,Зимний спорт,Nike,1215.43,2231.06
203,Nivea Встать 9864,Красота и здоровье,Парфюмерия,Nivea,5062.68,7104.4
204,Xiaomi Рабочий 2958,Электроника,Планшеты,Xiaomi,148191.46,187027.2
205,Xiaomi Присесть 3998,Электроника,Смартфоны,Xiaomi,7154.75,9565.87
206,L'Oreal Разводить 6997,Красота и здоровье,Уход за кожей,L'Oreal,2778.84,3714.42
207,L'Oreal Поколение 8508,Красота и здоровье,Косметика,L'Oreal,7248.44,13370.56
208,Maybelline Освободить 810,Красота и здоровье,Косметика,Maybelline,7656.81,15021.06
209,Shell Миг 610,Автотовары,Уход,Shell,9747.28,15459.23
210,Lenovo Художественный 7367,Электроника,Умные часы,Lenovo,66809.67,75654.51
211,Philips Что 4605,Электроника,Ноутбуки,Philips,93203.13,104359.98
212,Black Pearl Эффект 9887,Красота и здоровье,Волосы,Black Pearl,8315.68,12703.28
213,Maybelline Монета 1974,Красота и здоровье,Уход за кожей,Maybelline,7682.16,12300.21
214,The North Face Ремень 7498,Спорт и отдых,Игры,The North Face,10868.43,15764.83
215,Zara Трясти 1657,Одежда,Обувь,Zara,6671.13,12666.68
216,Белый медведь Сбросить 2600,Продукты,Консервы,Белый медведь,675.15,1054.59
217,Michelin Палка 7175,Автотовары,Запчасти,Michelin,3645.52,4561.34
218,Xiaomi Картинка 9301,Электроника,Фотоаппараты,Xiaomi,85673.76,109314.54
219,L'Oreal Призыв 7029,Красота и здоровье,Уход за кожей,L'Oreal,6279.97,12004.32
220,Adidas Адвокат 5861,Спорт и отдых,Игры,Adidas,14532.3,24999.73
221,Xiaomi Ботинок 1873,Электроника,Наушники,Xiaomi,100226.76,116992.04
222,Простоквашино Пробовать 7130,Продукты,Хлеб и выпечка,Простоквашино,769.73,1309.98
223,The North Face Инвалид 530,Спорт и отдых,Зимний спорт,The North Face,9280.88,16240.51
224,Garnier Понятный 5162,Красота и здоровье,Волосы,Garnier,628.51,937.29
225,Простоквашино Спорт 6666,Продукты,Хлеб и выпечка,Простоквашино,205.96,288.4
226,Samsung Плясать 6263,Электроника,Телевизоры,Samsung,18304.86,23048.47
227,Hoff Жестокий 5414,Дом и сад,Бытовая техника,Hoff,2529.66,3840.39
228,The North Face Штаб 2679,Спорт и отдых,Зимний спорт,The North Face,1457.36,1948.24
229,Adidas Хлеб 7047,Спорт и отдых,Зимний спорт,Adidas,10174.74,15165.16
230,OBI Торопливый 1964,Дом и сад,Бытовая техника,OBI,4242.87,7757.92
231,Простоквашино Инвалид 8072,Продукты,Консервы,Простоквашино,304.75,540.91
232,Garnier Совещание 9919,Красота и здоровье,Волосы,Garnier,872.18,1375.15
233,Sony Намерение 2348,Электроника,Смартфоны,Sony,48705.81,56662.89
234,Salomon Салон 7155,Спорт и отдых,Туризм,Salomon,5056.21,6600.43
235,H&M Кпсс 9254,Одежда,Женская одежда,H&M,4400.88,7614.01
236,Salomon Ботинок 793,Спорт и отдых,Игры,Salomon,1266.72,2410.87
237,OBI Порода 9533,Дом и сад,Мебель,OBI,13833.2,26331.18
238,Метрика Механический 6736,Дом и сад,Садовый инвентарь,Метрика,9674.1,14536.89
239,Xiaomi Ремень 6028,Электроника,Фотоаппараты,Xiaomi,121191.71,155784.38
240,Apple Граница 8684,Электроника,Игровые консоли,Apple,40280.89,51425.06
241,LG Госпожа 2854,Электроника,Игровые консоли,LG,113141.7,131976.58
242,Sony Поговорить 2519,Электроника,Ноутбуки,Sony,136358.8,164286.8
243,Adidas Исполнять 2604,Одежда,Мужская одежда,Adidas,2270.96,3800.45
244,Adidas Войти 8195,Спорт и отдых,Игры,Adidas,2821.76,5194.84
245,Метрика Цель 5395,Дом и сад,Бытовая техника,Метрика,13877.48,23524.33
246,Salomon Отъезд 7345,Спорт и отдых,Игры,Salomon,2434.17,3280.78
247,Bosch Очередной 1315,Автотовары,Аксессуары,Bosch,18151.17,25614.3
248,Моя цена Куча 4803,Продукты,Замороженные продукты,Моя цена,66.48,103.58
249,Lenovo Освободить 772,Электроника,Ноутбуки,Lenovo,72093.19,91291.24
250,Hoff Снимать 1113,Дом и сад,Инструменты,Hoff,9154.09,15113.01
251,Hoff Потянуться 2927,Дом и сад,Текстиль,Hoff,14739.31,20031.17
252,Asus Прошептать 2700,Электроника,Наушники,Asus,148692.97,186939.86
253,Белый медведь Монета 9895,Продукты,Хлеб и выпечка,Белый медведь,405.79,747.52
254,Apple Материя 6433,Электроника,Фотоаппараты,Apple,52805.16,66924.68
255,Слобода Легко 9974,Продукты,Напитки,Слобода,856.02,1690.71
256,Salomon Прелесть 5831,Спорт и отдых,Тренажеры,Salomon,1406.23,2481.33
257,Домик в деревне Забирать 5172,Продукты,Консервы,Домик в деревне,607.19,1188.03
258,Garnier Тюрьма 8724,Красота и здоровье,Витамины,Garnier,12235.13,21644.94
259,Philips Прошептать 3609,Электроника,Игровые консоли,Philips,7643.43,9116.01
260,Домик в деревне Спешить 1364,Продукты,Замороженные продукты,Домик в деревне,249.75,348.72
261,Фермерский Сверкающий 8726,Продукты,Мясо и птица,Фермерский,777.75,1465.74
262,Xiaomi Господь 3062,Электроника,Фотоаппараты,Xiaomi,91600.73,104999.7
263,The North Face Голубчик 7270,Спорт и отдых,Игры,The North Face,12173.85,17236.68
264,Philips Перебивать 7377,Электроника,Игровые консоли,Philips,103072.62,120724.74
265,Maybelline Оборот 7784,Красота и здоровье,Уход за кожей,Maybelline,3663.24,5375.5
266,Salomon Лиловый 7318,Спорт и отдых,Тренажеры,Salomon,10238.94,17398.96
267,OBI Решение 2755,Дом и сад,Освещение,OBI,7643.02,12175.81
268,The North Face Угол 7973,Спорт и отдых,Тренажеры,The North Face,2248.3,3316.25
269,The North Face Полоска 8552,Спорт и отдых,Туризм,The North Face,14027.54,25221.25
270,Salomon Инструкция 7461,Спорт и отдых,Велосипеды,Salomon,1441.35,2035.5
271,Maybelline Белье 7491,Красота и здоровье,Парфюмерия,Maybelline,1557.36,3017.16
272,Моя цена Кузнец 3962,Продукты,Молочные продукты,Моя цена,81.66,134.85
273,Hoff Бабочка 1723,Дом и сад,Текстиль,Hoff,3523.17,5366.07
274,Salomon Иной 4800,Спорт и отдых,Игры,Salomon,11912.43,16633.56
275,Nike Сверкающий 186,Спорт и отдых,Рыбалка,Nike,11430.85,18613.73
276,LG Аллея 8747,Электроника,Смартфоны,LG,36269.94,41523.85
277,Hoff Бок 4006,Дом и сад,Текстиль,Hoff,3717.08,5149.25
278,IKEA Зачем 9876,Дом и сад,Бытовая техника,IKEA,1840.7,3559.18
279,Black Pearl Магазин 4872,Красота и здоровье,Косметика,Black Pearl,8710.7,15705.23
280,Ашан Дурацкий 3168,Дом и сад,Мебель,Ашан,5421.68,9213.95
281,Michelin Приходить 8718,Автотовары,Уход,Michelin,16181.05,22918.23
282,Black Pearl Господь 7802,Красота и здоровье,Гигиена,Black Pearl,8401.45,13218.15
283,Philips Хозяйка 1206,Электроника,Игровые консоли,Philips,41779.29,46160.8
284,Слобода Радость 9633,Продукты,Бакалея,Слобода,667.39,916.04
285,Castrol Снимать 2968,Автотовары,Аксессуары,Castrol,2285.73,3491.7
286,Columbia Механический 3086,Спорт и отдых,Игры,Columbia,14716.12,24060.44
287,Adidas Сопровождаться 705,Спорт и отдых,Тренажеры,Adidas,10797.47,21168.69
288,Простоквашино Да 5270,Продукты,Бакалея,Простоквашино,797.38,1531.01
289,Фермерский Тысяча 3231,Продукты,Консервы,Фермерский,489.2,648.5
290,Простоквашино Издали 2139,Продукты,Хлеб и выпечка,Простоквашино,869.82,1332.87
291,Columbia Назначить 6434,Спорт и отдых,Туризм,Columbia,13364.4,24327.42
292,Моя цена Ручей 8607,Продукты,Овощи и фрукты,Моя цена,701.31,1092.04
293,Слобода Какой 3056,Продукты,Мясо и птица,Слобода,441.76,707.45
294,Garnier Команда 4943,Красота и здоровье,Уход за кожей,Garnier,1718.45,2628.44
295,Фермерский Редактор 7372,Продукты,Замороженные продукты,Фермерский,726.13,1028.67
296,Простоквашино Кпсс 7226,Продукты,Замороженные продукты,Простоквашино,735.01,1424.54
297,Простоквашино Висеть 8506,Продукты,Молочные продукты,Простоквашино,681.05,1079.02
298,Nike Боец 7279,Спорт и отдых,Игры,Nike,14301.28,20021.01
299,Apple Спичка 6033,Электроника,Телевизоры,Apple,39219.33,50732.12
300,Ашан Заработать 6177,Дом и сад,Мебель,Ашан,2470.88,3990.34
301,Простоквашино Вчера 6621,Продукты,Замороженные продукты,Простоквашино,586.7,980.15
302,Домик в деревне Темнеть 3148,Продукты,Напитки,Домик в деревне,961.7,1267.65
303,Ашан Счастье 7411,Дом и сад,Садовый инвентарь,Ашан,1942.86,3579.67
304,Zara Соответствие 3379,Одежда,Аксессуары,Zara,5643.65,14101.39
305,Apple Художественный 7392,Электроника,Телевизоры,Apple,70546.19,96620.32
306,Philips Порт 4857,Электроника,Фотоаппараты,Philips,107883.37,136472.37
307,Слобода Подробность 2952,Продукты,Овощи и фрукты,Слобода,718.28,1285.83
308,The North Face Посидеть 2375,Спорт и отдых,Туризм,The North Face,3518.78,7000.94
309,H&M Дьявол 6144,Одежда,Нижнее белье,H&M,502.39,1031.92
310,Ашан Подробность 6623,Дом и сад,Посуда,Ашан,13286.85,17884.41
311,Mobil Горький 9519,Автотовары,Уход,Mobil,16245.17,26991.33
312,Philips Желание 8576,Электроника,Телевизоры,Philips,98139.1,121201.04
313,Фермерский Плод 2214,Продукты,Овощи и фрукты,Фермерский,650.6,928.65
314,IKEA Банк 2753,Дом и сад,Мебель,IKEA,7867.91,11903.26
315,Белый медведь Изменение 4753,Продукты,Бакалея,Белый медведь,949.06,1578.5
316,Salomon Рот 4596,Спорт и отдых,Велосипеды,Salomon,3105.27,6115.66
317,Zara Дьявол 2862,Одежда,Спортивная одежда,Zara,5031.1,8016.7
318,Nivea Коммунизм 5631,Красота и здоровье,Гигиена,Nivea,2733.77,4748.93
319,Adidas Скользить 844,Спорт и отдых,Зимний спорт,Adidas,12413.5,16384.1
320,Bosch Мучительно 6925,Автотовары,Электроника,Bosch,19882.77,33008.89
321,L'Oreal Слишком 4845,Красота и здоровье,Волосы,L'Oreal,7570.96,13166.01
322,Mobil Деловой 6753,Автотовары,Аксессуары,Mobil,8101.46,13646.18
323,Простоквашино Плод 6909,Продукты,Замороженные продукты,Простоквашино,697.96,984.58
324,Leroy Merlin Смертельный 5331,Дом и сад,Бытовая техника,Leroy Merlin,5234.85,7331.76
325,Mobil Провинция 9302,Автотовары,Аксессуары,Mobil,4792.22,6816.09
326,Sony Монета 4161,Электроника,Фотоаппараты,Sony,72638.52,85731.0
327,Nike Нож 6950,Одежда,Мужская одежда,Nike,2534.63,4775.62
328,Adidas Оборот 5223,Одежда,Нижнее белье,Adidas,6563.78,15974.61
329,Adidas Поезд 8271,Одежда,Нижнее белье,Adidas,4136.64,8334.19
330,Простоквашино Механический 7591,Продукты,Замороженные продукты,Простоквашино,117.35,184.86
331,LC Waikiki Вперед 8208,Одежда,Женская одежда,LC Waikiki,3017.29,4678.43
332,Maybelline Уронить 1861,Красота и здоровье,Макияж,Maybelline,4429.08,5783.16
333,Hoff Спорт 6095,Дом и сад,Посуда,Hoff,10967.12,20121.37
334,Samsung Рота 9164,Электроника,Игровые консоли,Samsung,87690.84,101580.77
335,Моя цена Ребятишки 4682,Продукты,Мясо и птица,Моя цена,519.13,952.65
336,The North Face Цвет 6553,Спорт и отдых,Зимний спорт,The North Face,1958.4,3882.64
337,Фермерский Умирать 3361,Продукты,Хлеб и выпечка,Фермерский,940.78,1720.19
338,Maybelline Низкий 2345,Красота и здоровье,Гигиена,Maybelline,7601.15,10122.55
339,Mobil Сустав 8546,Автотовары,Аксессуары,Mobil,16060.65,20708.03
340,LC Waikiki Умирать 5002,Одежда,Детская одежда,LC Waikiki,2752.68,5210.7
341,Black Pearl Материя 9322,Красота и здоровье,Уход за кожей,Black Pearl,12458.68,20838.86
342,Простоквашино Выражаться 6924,Продукты,Замороженные продукты,Простоквашино,387.31,686.18
343,L'Oreal Танцевать 9577,Красота и здоровье,Уход за кожей,L'Oreal,9034.26,13423.75
344,L'Oreal Хотеть 6329,Красота и здоровье,Парфюмерия,L'Oreal,8836.14,12541.65
345,Reserved Ленинград 1900,Одежда,Нижнее белье,Reserved,2164.91,4486.93
346,H&M Бабочка 3440,Одежда,Мужская одежда,H&M,2715.43,4484.35
347,Метрика Падаль 8598,Дом и сад,Бытовая техника,Метрика,10965.55,19672.66
348,Zara Аж 6273,Одежда,Аксессуары,Zara,7985.55,15798.38
349,Моя цена Господь 5904,Продукты,Овощи и фрукты,Моя цена,914.76,1408.39
350,Bosch Второй 4138,Автотовары,Уход,Bosch,18692.22,24586.97
351,Домик в деревне Выкинуть 4835,Продукты,Напитки,Домик в деревне,943.24,1874.77
352,Mobil Мальчишка 4580,Автотовары,Масла,Mobil,10194.18,14366.47
353,Фермерский Да 6564,Продукты,Мясо и птица,Фермерский,686.32,1074.63
354,Nike Другой 1394,Спорт и отдых,Туризм,Nike,4498.7,6754.08
355,Слобода Шлем 3410,Продукты,Замороженные продукты,Слобода,278.75,455.86
356,Salomon Карандаш 2349,Спорт и отдых,Зимний спорт,Salomon,14008.75,25038.12
357,Sony Подземный 3797,Электроника,Наушники,Sony,12360.99,16953.78
358,Michelin Даль 7839,Автотовары,Масла,Michelin,3905.74,5460.91
359,Samsung Народ 2687,Электроника,Телевизоры,Samsung,144855.22,201837.38
360,OBI Командование 4806,Дом и сад,Бытовая техника,OBI,9827.97,17976.71
361,Слобода Основание 9506,Продукты,Напитки,Слобода,87.39,160.63
362,Reserved Художественный 2968,Одежда,Аксессуары,Reserved,5868.01,14298.4
363,IKEA Направо 8216,Дом и сад,Посуда,IKEA,14958.14,23602.39
364,Colin's Пятеро 251,Одежда,Спортивная одежда,Colin's,7430.51,17660.41
365,Белый медведь Эпоха 9001,Продукты,Мясо и птица,Белый медведь,306.02,609.7
366,Nivea Солнце 3259,Красота и здоровье,Витамины,Nivea,12795.68,20826.43
367,Salomon Песенка 4315,Спорт и отдых,Велосипеды,Salomon,2604.92,4223.2
368,Michelin Танцевать 9402,Автотовары,Масла,Michelin,22361.92,37444.15
369,Castrol Построить 6743,Автотовары,Масла,Castrol,18717.68,29634.5
370,The North Face Серьезный 1662,Спорт и отдых,Рыбалка,The North Face,5053.31,7987.18
371,H&M Мгновение 4372,Одежда,Женская одежда,H&M,2791.73,4880.08
372,OBI Господь 5047,Дом и сад,Инструменты,OBI,11355.6,22345.83
373,Black Pearl Смеяться 3971,Красота и здоровье,Волосы,Black Pearl,369.25,648.99
374,Asus Монета 8333,Электроника,Ноутбуки,Asus,49486.92,60454.46
375,Michelin Висеть 6121,Автотовары,Аксессуары,Michelin,19522.63,34445.36
376,Nivea Солнце 7554,Красота и здоровье,Парфюмерия,Nivea,14368.94,23489.3
377,Bosch Дрогнуть 7814,Автотовары,Электроника,Bosch,13059.52,19975.07
378,Nike Госпожа 9861,Спорт и отдых,Зимний спорт,Nike,11475.52,20383.27
379,The North Face Возмутиться 1379,Спорт и отдых,Велосипеды,The North Face,6811.87,12211.21
380,L'Oreal Каюта 3412,Красота и здоровье,Косметика,L'Oreal,12465.86,24084.31
381,Nivea Материя 7339,Красота и здоровье,Гигиена,Nivea,2635.15,5001.88
382,Asus Пятеро 1011,Электроника,Наушники,Asus,18186.54,22789.78
383,Ашан Заведение 9255,Дом и сад,Посуда,Ашан,6348.28,10758.67
384,Метрика Аллея 149,Дом и сад,Освещение,Метрика,522.2,771.87
385,Shell Даль 1144,Автотовары,Масла,Shell,3117.86,4534.05
386,L'Oreal Мелькнуть 4803,Красота и здоровье,Косметика,L'Oreal,14794.83,24122.23
387,Leroy Merlin Теория 6987,Дом и сад,Посуда,Leroy Merlin,11534.25,22893.56
388,Моя цена Механический 6254,Продукты,Консервы,Моя цена,873.53,1690.05
389,Philips Бровь 6539,Электроника,Телевизоры,Philips,22201.81,31034.89
390,Nivea Приятель 4988,Красота и здоровье,Парфюмерия,Nivea,12555.36,22967.84
391,Ашан Еврейский 7646,Дом и сад,Садовый инвентарь,Ашан,5813.29,8491.85
392,Белый медведь Прежде 1948,Продукты,Овощи и фрукты,Белый медведь,212.83,407.07
393,Samsung Командир 9831,Электроника,Игровые консоли,Samsung,39896.61,44691.67
394,Samsung Свежий 7291,Электроника,Умные часы,Samsung,40486.45,45072.39
395,Adidas Виднеться 2395,Одежда,Аксессуары,Adidas,6108.77,13903.95
396,Nivea Провинция 5324,Красота и здоровье,Уход за кожей,Nivea,12273.64,22240.6
397,Garnier Очко 8640,Красота и здоровье,Гигиена,Garnier,3706.18,7091.33
398,Zara Выражаться 9793,Одежда,Обувь,Zara,2418.69,4974.56
399,Mobil Оборот 5742,Автотовары,Масла,Mobil,17119.67,21025.19
400,Mobil Функция 6921,Автотовары,Уход,Mobil,23788.33,33095.29
401,Hoff Поезд 7858,Дом и сад,Посуда,Hoff,5771.61,10551.03
402,Adidas Мальчишка 7686,Одежда,Нижнее белье,Adidas,2615.67,5774.29
403,Lenovo Обида 4078,Электроника,Игровые консоли,Lenovo,85806.58,97839.05
404,Белый медведь Новый 6179,Продукты,Бакалея,Белый медведь,657.3,1278.82
405,Samsung Рот 9978,Электроника,Наушники,Samsung,43926.93,57197.32
406,Sony Бок 9256,Электроника,Ноутбуки,Sony,121674.34,155289.93
407,Adidas Реклама 351,Одежда,Обувь,Adidas,6994.95,12821.49
408,Reserved Монета 7946,Одежда,Женская одежда,Reserved,1203.33,3007.81
409,LC Waikiki Потрясти 4021,Одежда,Спортивная одежда,LC Waikiki,5719.02,10846.88
410,Garnier Зачем 5986,Красота и здоровье,Уход за кожей,Garnier,5833.79,9763.17
411,Белый медведь Командир 1715,Продукты,Напитки,Белый медведь,527.43,869.25
412,Columbia Сустав 3428,Спорт и отдых,Игры,Columbia,11472.11,17485.37
413,Моя цена Сустав 2490,Продукты,Хлеб и выпечка,Моя цена,74.34,141.61
414,Lenovo Эффект 3868,Электроника,Планшеты,Lenovo,47802.88,55396.73
415,OBI Скрытый 5630,Дом и сад,Инструменты,OBI,8349.51,16368.59
416,Слобода Господь 2856,Продукты,Замороженные продукты,Слобода,652.44,1072.23
417,Castrol Мелочь 3115,Автотовары,Аксессуары,Castrol,5058.8,7729.48
418,L'Oreal Один 1317,Красота и здоровье,Волосы,L'Oreal,7954.38,15012.68
419,Adidas Перебивать 3891,Спорт и отдых,Игры,Adidas,11512.21,18289.16
420,Samsung Сустав 1090,Электроника,Телевизоры,Samsung,36714.35,45408.41
421,Black Pearl Славный 357,Красота и здоровье,Волосы,Black Pearl,13708.72,24147.9
422,Samsung Четыре 8877,Электроника,Игровые консоли,Samsung,7425.29,9776.57
423,Фермерский Правление 3037,Продукты,Молочные продукты,Фермерский,818.76,1450.7
424,Xiaomi Услать 4235,Электроника,Ноутбуки,Xiaomi,39940.48,51360.83
425,Salomon Идея 6752,Спорт и отдых,Туризм,Salomon,11965.06,16216.41
426,Метрика Танцевать 1420,Дом и сад,Инструменты,Метрика,3542.69,6301.84
427,Michelin Триста 9155,Автотовары,Уход,Michelin,3711.51,5298.4
428,Метрика Гулять 8289,Дом и сад,Мебель,Метрика,339.86,482.59
429,Salomon Написать 1662,Спорт и отдых,Рыбалка,Salomon,8574.68,16296.8
430,Nivea Забирать 9386,Красота и здоровье,Косметика,Nivea,3328.97,6350.62
431,IKEA Налево 4693,Дом и сад,Освещение,IKEA,13877.56,24689.57
432,L'Oreal Применяться 356,Красота и здоровье,Гигиена,L'Oreal,2854.45,5410.04
433,Adidas Сохранять 6625,Одежда,Аксессуары,Adidas,6092.36,13480.63
434,Xiaomi Народ 6475,Электроника,Планшеты,Xiaomi,86773.94,110203.67
435,Bosch Заявление 1384,Автотовары,Электроника,Bosch,12131.54,19942.4
436,Garnier Карман 1345,Красота и здоровье,Волосы,Garnier,994.71,1597.47
437,Белый медведь Забирать 7481,Продукты,Консервы,Белый медведь,58.74,87.6
438,Hoff Мелькнуть 3143,Дом и сад,Инструменты,Hoff,8384.96,13104.01
439,Mobil Горький 4137,Автотовары,Электроника,Mobil,3485.13,5475.73
440,Michelin Космос 2627,Автотовары,Шины,Michelin,8771.19,12525.26
441,Bosch Задержать 5150,Автотовары,Запчасти,Bosch,11460.31,14381.68
442,Hoff Исполнять 7161,Дом и сад,Декор,Hoff,1713.02,2331.61
443,IKEA Способ 1624,Дом и сад,Садовый инвентарь,IKEA,588.68,911.12
444,Garnier Поговорить 6879,Красота и здоровье,Гигиена,Garnier,12983.03,16990.09
445,Метрика Что 4077,Дом и сад,Текстиль,Метрика,13536.81,26175.39
446,Nivea Забирать 4505,Красота и здоровье,Гигиена,Nivea,10342.68,14672.66
447,Моя цена А 4621,Продукты,Напитки,Моя цена,171.56,243.11
448,OBI Интеллектуальный 4140,Дом и сад,Освещение,OBI,11783.47,18297.22
449,Mobil Болото 1852,Автотовары,Уход,Mobil,18220.39,24002.25
450,Nike Роскошный 6324,Одежда,Детская одежда,Nike,7605.94,13935.73
451,Columbia Вздрогнуть 9838,Спорт и отдых,Туризм,Columbia,5154.1,9642.46
452,Zara Решение 7948,Одежда,Детская одежда,Zara,4944.73,10855.13
453,Моя цена Угодный 8144,Продукты,Овощи и фрукты,Моя цена,969.66,1458.38
454,Nivea Коммунизм 6537,Красота и здоровье,Макияж,Nivea,5023.12,7515.64
455,Фермерский Недостаток 3047,Продукты,Мясо и птица,Фермерский,223.81,447.19
456,Michelin Пятеро 3534,Автотовары,Электроника,Michelin,28637.13,42296.28
457,Метрика Кожа 6803,Дом и сад,Освещение,Метрика,1223.55,2316.73
458,Castrol Командование 2625,Автотовары,Запчасти,Castrol,19366.75,26052.4
459,Mobil Вчера 7951,Автотовары,Запчасти,Mobil,3144.99,5643.43
460,Black Pearl Полностью 6953,Красота и здоровье,Витамины,Black Pearl,7697.87,14966.77
461,Garnier Термин 9829,Красота и здоровье,Косметика,Garnier,10584.19,19777.7
462,Michelin Сынок 5916,Автотовары,Шины,Michelin,23299.67,37152.74
463,LC Waikiki Темнеть 6647,Одежда,Спортивная одежда,LC Waikiki,641.08,1592.19
464,Columbia Налево 3737,Спорт и отдых,Туризм,Columbia,1767.98,2420.41
465,Black Pearl Угодный 3721,Красота и здоровье,Волосы,Black Pearl,8458.3,15067.32
466,OBI Грустный 8299,Дом и сад,Декор,OBI,7053.34,12524.54
467,Nike Академик 1506,Одежда,Детская одежда,Nike,4017.34,7212.86
468,Philips Болото 3489,Электроника,Телевизоры,Philips,50224.1,62107.11
469,Garnier Привлекать 7512,Красота и здоровье,Витамины,Garnier,7247.21,11644.21
470,Белый медведь Означать 470,Продукты,Мясо и птица,Белый медведь,73.34,131.83
471,Adidas Миллиард 4096,Спорт и отдых,Туризм,Adidas,10221.66,14464.14
472,Black Pearl Выразить 7670,Красота и здоровье,Парфюмерия,Black Pearl,2570.01,4348.19
473,H&M Одиннадцать 7180,Одежда,Нижнее белье,H&M,5149.15,8683.46
474,Метрика Деньги 9802,Дом и сад,Мебель,Метрика,9288.78,13358.45
475,IKEA Спорт 1125,Дом и сад,Садовый инвентарь,IKEA,10630.09,15350.37
476,Black Pearl Крутой 7596,Красота и здоровье,Косметика,Black Pearl,2967.01,4534.15
477,Asus Наслаждение 9880,Электроника,Планшеты,Asus,81518.68,105300.33
478,Ашан Нож 7601,Дом и сад,Садовый инвентарь,Ашан,1890.63,2923.65
479,Garnier Важный 2294,Красота и здоровье,Парфюмерия,Garnier,13796.5,23635.03
480,Домик в деревне Карман 2416,Продукты,Мясо и птица,Домик в деревне,326.22,465.88
481,Maybelline Прелесть 7031,Красота и здоровье,Витамины,Maybelline,9027.1,15367.41
482,Reserved Зачем 2938,Одежда,Обувь,Reserved,4437.82,10735.8
483,Maybelline Наступать 7489,Красота и здоровье,Парфюмерия,Maybelline,4474.75,6403.23
484,Garnier Вперед 3296,Красота и здоровье,Косметика,Garnier,14287.26,23420.05
485,The North Face Команда 8156,Спорт и отдых,Рыбалка,The North Face,7680.48,12645.75
486,OBI Подземный 3713,Дом и сад,Бытовая техника,OBI,2675.35,4536.8
487,Белый медведь Ломать 7592,Продукты,Молочные продукты,Белый медведь,248.1,372.66
488,Maybelline Плод 1971,Красота и здоровье,Волосы,Maybelline,8335.95,11497.34
489,Фермерский Деньги 7331,Продукты,Хлеб и выпечка,Фермерский,827.93,1100.42
490,Maybelline Снимать 4155,Красота и здоровье,Парфюмерия,Maybelline,1715.76,3227.43
491,Моя цена Встать 1525,Продукты,Молочные продукты,Моя цена,284.93,542.38
492,Leroy Merlin Тревога 5844,Дом и сад,Текстиль,Leroy Merlin,3306.2,6005.15
493,The North Face Собеседник 2381,Спорт и отдых,Игры,The North Face,9565.01,13545.84
494,Nike Экзамен 8820,Спорт и отдых,Тренажеры,Nike,12120.52,20593.39
495,Белый медведь Плод 9483,Продукты,Овощи и фрукты,Белый медведь,979.63,1474.19
496,Домик в деревне Металл 1071,Продукты,Мясо и птица,Домик в деревне,963.89,1783.18
497,Слобода Порядок 5377,Продукты,Овощи и фрукты,Слобода,870.1,1283.2
498,Columbia Развитый 4502,Спорт и отдых,Тренажеры,Columbia,7443.99,12686.03
499,Mobil Собеседник 1625,Автотовары,Запчасти,Mobil,14107.76,22292.75
500,Метрика Домашний 8096,Дом и сад,Освещение,Метрика,14057.77,21906.92
